{"---------":{"0":0.8099289250489539,"1":0.7277276558298458,"2":0.7288222762479453,"3":0.7285817147129869,"4":0.728892748501118,"5":0.727871527794551,"6":0.7274231972973266,"7":0.7288790955790256,"8":0.7183840943236273,"-1":0.8099999999999987},"X---------":{"1":0.8999546213435772,"2":0.8098641065203872,"3":0.8099722488237396,"4":0.8099590944310027,"5":0.809929056084476,"6":0.8098376906222534,"7":0.8098067525754138,"8":0.8099655999875812,"9":0.8067957688451914,"-1":0.899999999999999},"XX---------":{"2":0.9999153585021713,"3":0.8998787040962476,"4":0.8998805759532305,"5":0.8999545025891258,"6":0.8998734852410801,"7":0.8998646667735861,"8":0.899982720432117,"9":0.8998068986820347,"10":0.899497252258135,"-1":0.9999999999999996},"--X------":{"0":0,"1":0,"3":0,"4":0,"5":0.009000000000000001,"7":0,"8":0,"-1":0.8099802037494199},"X--X------":{"1":0.0022680000000000005,"2":0.04207163983371001,"4":0.025856100000000003,"5":0.006302358900000001,"7":0.08490655800000002,"8":0.03204539893548001,"-1":0.8999999985498951},"XX--X------":{"2":0.9999999999993262,"3":0.061757046351900005,"5":0.08012358900000002,"6":0.2671822980589941,"7":0.40951000000000004,"8":0.271,"9":0.23523129933251313,"10":0.07534062000000001},"X-X-------":{"1":0.1,"3":0.013297901220000003,"4":0.0022680000000000005,"5":0.009000000000000001,"6":0.004309200000000001,"7":0.006211890000000001,"8":0.003580200000000001,"9":0.0015390000000000002,"-1":0.8999999436652605},"XX-X-------":{"2":0.40951000000000004,"4":0.07856280000000002,"5":0.05880690000000001,"6":0.1,"7":0.10736690220000003,"8":0.21477751215300006,"9":0.10386221939100002,"10":0.05880690000000001,"-1":0.9999999999757753},"-------X-":{"0":0,"1":0.0007900173000000002,"2":0.000006561000000000002,"3":0.025200000000000004,"4":0,"5":0.0010593180000000003,"6":0.025200000000000004,"-1":0.8099770863134212},"X-------X-":{"1":0.06019200000000001,"2":0.03472058134972981,"3":0.022145561279100005,"4":0.46855900000000006,"5":0.0067650379956000015,"6":0.009000000000000001,"7":0,"9":0.008705070000000002,"-1":0.8999999959180746},"XX-------X-":{"2":0.19,"3":0.13923443764503904,"4":0.12128889149100003,"5":0.18989066156400006,"6":0.03502522872000001,"7":0.030951000000000006,"8":0.07921890000000001,"10":0.12297420900000001,"-1":0.999999999996364},"XX--------":{"2":0.40951000000000004,"3":0.004236300000000001,"4":0.0522459,"5":0.06471180000000001,"6":0.03978000000000001,"7":0.036855900000000004,"8":0.05756031,"9":0.0171,"-1":0.9999999993650429},"--------X":{"0":0.003653100000000001,"3":0.00013851000000000003,"4":0.8059416543820828,"5":0.0038155935816000007,"7":0},"----X---X":{"0":0.1,"1":0,"3":0,"5":0,"7":0.8990733329593262},"----X--XX":{"0":0.1,"2":0,"6":0.9998955043236682,"-1":0.00007290000000000002},"X----X--XX":{"1":0.002268000000000001},"XX---X--XX":{"7":0.032490000000000005},"XX---X-XXX":{"2":0.1,"-1":0.271},"-----X---":{"0":0,"1":0,"2":0.03978000000000001,"3":0,"4":0,"6":0,"7":0.0023801931000000005,"8":0.0010793574000000003,"-1":0.8097853760338851},"X-----X---":{"1":0.024390000000000005,"2":0.0015390000000000004,"3":0.19,"5":0.018446317920000004,"7":0.009000000000000001,"-1":0.8999999622044671},"XX-----X---":{"2":0.40951000000000004,"3":0.06471180000000001,"4":0.46855900000000006,"5":0.13118938806861002,"6":0.08741358900000001,"8":0.10224801000000001,"9":0.06609690000000001,"10":0.08049895110000002,"-1":0.9999999999757753},"XX---X-----":{"2":0.271,"3":0.04634100000000001,"4":0.10224801000000001,"6":0.15337853910000002,"7":0.20615908031190003,"8":0.06471180000000001,"9":0.12941055,"10":0.11461936599000003,"-1":0.9999999999985913},"X----X----":{"1":0.025200000000000004,"3":0.012404949120000001,"4":0.01710532155249,"6":0.006867990000000001,"7":0,"8":0.003067083144000001,"9":0.018857423619000002,"-1":0.8999999972987863},"XX----X----":{"2":0.271,"3":0.46855900000000006,"4":0.10788920234190003,"5":0.030951000000000006,"7":0.10224801000000001,"8":0.07911385110000002,"9":0.024390000000000005,"10":0.062343279000000015,"-1":0.9999999999993262},"X----XX---":{"2":0.15337853910000004,"-1":0},"XX----XX---":{"-1":0.5695327900000001},"---X-----":{"0":0.0008100000000000002,"1":0,"4":0.0003353400000000001,"6":0,"-1":0.809937479628547},"X---X-----":{"1":0.024390000000000005,"3":0.024390000000000005,"5":0.018745572347100004,"6":0.006736770000000001,"7":0.0029241000000000007,"8":0.19,"9":0.024448944015000005,"-1":0.8999999951938744},"XX--XX-----":{"-1":0.6125795110000001},"-X-------":{"0":0,"2":0,"3":0,"5":0,"6":0,"7":0.0015006412439100003,"-1":0.8097930431305911},"XX------X--":{"2":0.271,"3":0.16030576034190003,"4":0.40951000000000004,"5":0.0171,"6":0.07797231000000002,"7":0.009000000000000001,"9":0.030951000000000006,"10":0.10041093000000001,"-1":0.9999999999931583},"X--------X":{"3":0,"4":0.00417069,"5":0.008558686800000003,"6":0.0015390000000000004,"8":0.006277500000000002,"-1":0.8994210209590108},"XX--------X":{"2":0.271,"3":0.05363100000000001,"4":0.14227142220000003,"6":0.03905100000000001,"7":0.091789250391,"8":0.009000000000000001,"9":0,"-1":0.9999996073990722},"----X----":{"0":0.0021951000000000006,"2":0,"3":0.00007290000000000002,"5":0,"6":0,"8":0.15366999740437537,"-1":0.8099851511577182},"X-X-----X-":{"6":0,"-1":0.24598341943722005},"XX-X-----X-":{"-1":0.7712320754503901},"------X--":{"2":0,"3":0.0029970000000000005,"7":0.05290200000000001,"8":0,"-1":0.8097027305680701},"X------X--":{"1":0.14429089800000003,"3":0.14381260110000002,"4":0.0008100000000000002,"5":0.0008100000000000002,"6":0.0033170310000000002,"8":0,"9":0.003580200000000001,"-1":0.89999986361707},"XX----X--X-":{"2":0.46855900000000006,"4":0.030951000000000006,"5":0.07200180000000002,"10":0},"XX---XX--X-":{"2":0.1,"3":0.1,"-1":0.34390000000000004},"X--------":{"2":0,"3":0.0008100000000000002,"5":0.0008100000000000002,"6":0,"-1":0.8999916160398537},"XX---XX----":{"2":0.19,"3":0.1,"7":0,"10":0,"-1":0.6513215599000001},"X--X---X--":{"4":0,"-1":0.6125795110000001},"X---XX----":{"-1":0.22967215591590004},"XX---X---X-":{"-1":0.68618940391},"XX---X----X":{"-1":0.68618940391},"XX-X---X---":{"10":0,"-1":0.6125795110000001},"XX---X-X---":{"4":0.717570463519,"6":0.009000000000000001},"X----X--X-":{"1":0.009000000000000001,"-1":0.09231554829600001},"XX-----X-X-":{"-1":0.46855900000000006},"X-----X--":{"-1":0.036855900000000004},"XX-----X--":{"2":0.1,"-1":0.5695327900000001},"-----X--X":{"-1":0.03998455942410001},"X-----X--X":{"-1":0.21301737956100003},"XX-----X--X":{"2":0.1,"4":0.1,"8":0,"-1":0.68618940391},"X------XX-":{"5":0},"X----X-XX-":{"3":0,"-1":0.009000000000000001},"XX----X-XX-":{"5":0,"7":0.19},"XX---XX-XX-":{"-1":0.1},"-X---X---":{"4":0.0021951000000000006},"-X--XX---":{"-1":0.05880690000000001},"X-X--XX---":{"3":0.1,"8":0.1,"-1":0.5217031000000001},"X-X---X---":{"-1":0.07797231000000002},"XX-X---X--X":{"-1":0.1},"--X-X----":{"-1":0},"X--X-X----":{"-1":0.16610238874503902},"XX--X-X----":{"-1":0.7941088679053511},"XX--X-----X":{"9":0,"-1":0.6125795110000001},"XX---X--X--":{"-1":0.46855900000000006},"XX-XX------":{"-1":0.7458134171671},"XX------X-":{"-1":0.5217031000000001},"XX--X----X-":{"3":0,"5":0,"6":0.036855900000000004,"-1":0.7458134171671},"X-X------X":{"7":0,"-1":0.0171},"XX-X------X":{"4":0,"8":0.009000000000000001,"-1":0.40951000000000004},"---XX----":{"7":0,"-1":0.012175970220000002},"X-X------":{"-1":0.0008100000000000002},"XX-X------":{"7":0.07331400000000002},"XX-X---X--":{"8":0,"-1":0.34390000000000004},"XX----X---":{"4":0,"-1":0.34390000000000004},"XX-----XX--":{"6":0.1,"-1":0.46855900000000006},"XX------XX-":{"-1":0.46855900000000006},"XX----X-X--":{"-1":0.6125795110000001},"XX-------XX":{"8":0,"-1":0.5695327900000001},"-X-----X-":{"-1":0.033146620211151},"X----X---X":{"-1":0.17829249318},"XX----X---X":{"-1":0.6513215599000001},"XX-----XX-X":{"-1":0.1},"X--XX-----":{"8":0.34390000000000004,"-1":0.059357951100000014},"-XX------":{"-1":0.013622315697000004},"X-XX------":{"9":0,"-1":0.27233619156621003},"--X----X-":{"3":0,"4":0.00007290000000000002},"--X-X--X-":{"-1":0.0029970000000000005},