{"---------":{"0":0.8098363391453084,"1":0.7287874136788961,"2":0.809718405819939,"3":0.6465387006007148,"4":0.7281687643411534,"5":0.7275783393617097,"6":0.7282895761484722,"7":0.7285174098556869,"8":0.7286189446878707,"-1":0.8099999999999987},"X---------":{"1":0.899965474024946,"2":0.8099023660820609,"3":0.8998627928236541,"4":0.7284530301458071,"5":0.8099051287876967,"6":0.8098364753269963,"7":0.8099353571723751,"8":0.8094948704949088,"9":0.8099850529168633,"-1":0.899999999999999},"XX---------":{"2":0.999870992992183,"3":0.8999687092289997,"4":0.8991013568857837,"5":0.8096498869255532,"6":0.8999439710138198,"7":0.8999461395543369,"8":0.8999212674501507,"9":0.899731037206945,"10":0.8996476757240368,"-1":0.9999999999999996},"X-----X---":{"1":0.08387721000000001,"2":0.021688409826000003,"3":0.19,"4":0.13583508120000004,"5":0,"7":0.02957951522802601,"8":0.00020412000000000004,"9":0.031303996225200005,"-1":0.8999998687763872},"XX-----X---":{"2":0.19,"4":0.19,"5":0.25513859605950007,"6":0.04495590000000001,"8":0.20801288470361762,"9":0.0861339933837484,"10":0.046953279000000014,"-1":0.9999999999823402},"X------X--":{"1":0.009000000000000001,"2":0.03825043401877552,"3":0.0595359,"4":0.008685110709000004,"5":0.015034466700000002,"6":0.14000007521090113,"8":0.020650682700000002,"-1":0.8999999697419682},"XX------X--":{"2":0.271,"3":0.3736482067487009,"4":0.1,"5":0.10703097900000003,"6":0.20659863516300003,"7":0.22745478186390627,"9":0.13958440270380001,"10":0.18125793396000003,"-1":0.999999999980378},"-X-------":{"3":0.07055403065419788,"5":0.0016136563716000003,"6":0.0012730580004861004,"7":0.0012526248807000007,"8":0,"-1":0.8099694752054275},"X-X-------":{"3":0.017954564409000007,"4":0.14341606819728728,"5":0.030951000000000006,"6":0.029673960390000004,"7":0.04385450746472223,"8":0.03062423594700001,"9":0.017872013907000005,"-1":0.899999991151403},"XX-X-------":{"2":0.19,"4":0.036855900000000004,"5":0.0171,"6":0.40951000000000004,"7":0.07320895110000002,"8":0.23912939626342128,"9":0.23837285716214043,"10":0.15210205389693904,"-1":0.9999999999989732},"XX-------X-":{"2":0.34390000000000004,"3":0.1521214498281916,"4":0.17973269829000005,"5":0.04707000000000001,"6":0.08919162,"7":0.08581575797035318,"10":0.15533424198000004,"-1":0.9999999998692681},"X--X------":{"1":0.0171,"2":0.009202320900000002,"4":0.015091744230000006,"5":0.004332366810000002,"6":0.9999999901725882,"7":0.05290200000000001,"8":0,"9":0.05338227737907001,"-1":0.009000000000000001},"XX--X------":{"2":0.1,"3":0.06890427900000001,"6":0.030951000000000006,"7":0.1,"8":0.1,"9":0.0771470463519,"-1":0.9998566588802033},"XX--------":{"2":0.271,"3":0.009000000000000001,"4":0.066753,"5":0.1342348533,"6":0.06609690000000001,"7":0.03978000000000001,"8":0.009000000000000001,"9":0.030951000000000006,"-1":0.9999999985249581},"X-------X-":{"2":0.04419181560693601,"3":0.017778337917300005,"4":0.19,"5":0.0522459,"6":0.014777113185153004,"7":0.013416648030000004,"9":0.0349871175650817,"-1":0.899999907415471},"XX--------X":{"2":0.19,"3":0.1412292657429,"4":0.18151893472657413,"5":0.24375677967882306,"6":0.2455845067554504,"7":0.024390000000000005,"8":0.254175037725195,"9":0.009000000000000001,"-1":0.9999999999938425},"-----X---":{"4":0,"6":0.007945063874448877,"7":0,"-1":0.8097835346207972},"------X--":{"1":0,"2":0,"3":0,"4":0.00007290000000000002,"5":0.0023292381056355007,"7":0.00020412000000000004,"8":0.00007290000000000002,"-1":0.8098957182663645},"XX-X---X---":{"9":0.009000000000000001,"-1":0.6513215599000001},"---X-----":{"0":0.0008100000000000002,"1":0.724509028427742,"2":0.0006009948900000002,"5":0.002646365580000001,"6":0.00007290000000000002,"8":0.0032630078682197887},"-X-X-----":{"0":0.025200000000000004,"4":0,"7":0,"8":0,"-1":0.8084582961977422},"X-X-X-----":{"1":0.19,"3":0.8996643935363892,"5":0.009000000000000001,"6":0.19,"7":0,"9":0.0029970000000000005},"X-XXX-----":{"1":0.19,"5":0.19,"6":0.1,"7":0,"8":0.1,"9":0.009000000000000001,"-1":0.9999500200419471},"XX---X-----":{"2":0.1,"3":0.009000000000000001,"4":0.04634100000000001,"6":0.036855900000000004,"7":0.07534062000000001,"8":0.09907925039100002,"9":0.030951000000000006,"10":0.8999998143832004},"XX---X----X":{"2":0.19,"3":0.024390000000000005,"4":0.009000000000000001,"6":0.032490000000000005,"7":0.03978000000000001,"8":0.025200000000000004,"9":0.11346732000000001,"-1":0.9999999850214727},"X--------":{"1":0.07921890000000002,"3":0,"4":0.0015390000000000002,"5":0,"6":0,"7":0,"8":0,"-1":0.8999773053750155},"X--------X":{"1":0.06609690000000001,"2":0.010121589900000005,"3":0.04355320859106301,"4":0.02902833303281213,"5":0.1253487454485837,"6":0.023312583210870007,"7":0.008048970000000003,"8":0.022805510552190003,"-1":0.8999999941976558},"-X----X--":{"4":0,"-1":0.04056372357754998},"X-X----X--":{"1":0.1,"5":0.009000000000000001,"-1":0.35738953681373853},"XX-X----X--":{"5":0,"-1":0.901522909781639},"----X----":{"0":0.00417069,"1":0.0033170310000000002,"2":0,"3":0,"6":0,"7":0,"8":0.006744983913847018,"-1":0.8098685173346519},"X----X----":{"1":0.03978000000000001,"2":0.16198788330000002,"3":0.0011554650000000003,"6":0,"7":0.009702342000000001,"8":0.08978211000000003,"9":0.14366239542790074,"-1":0.8999999542020549},"XX----X----":{"3":0.5217031000000001,"4":0.11346732000000001,"5":0.08978211000000003,"7":0.07265790000000003,"8":0.11137598674290003,"9":0.12356469900000003,"10":0.11733838806861002,"-1":0.999999999990615},"X----X-X--":{"6":0,"-1":0.16203571299000002},"XX----X-X--":{"2":0.1,"5":0,"7":0.1,"-1":0.717570463519},"XX------X-X":{"6":0,"-1":0.7941088679053511},"X----X---X":{"8":0,"-1":0.574671679129378},"XX----X---X":{"2":0.1,"5":0.0522459,"7":0.009000000000000001,"-1":0.901522909781639},"-------X-":{"2":0.0007019686800000002,"3":0,"4":0,"6":0,"8":0.00042319179,"-1":0.8099218706284554},"--------X":{"1":0,"2":0,"3":0.004852153033433023,"4":0.012274738125469005,"5":0.0008207227800000002,"6":0.00013851000000000005,"7":0,"-1":0.8099309257848547},"X--X----X-":{"7":0,"-1":0.17232010017300003},"XX--X----X-":{"5":0,"-1":0.717570463519},"X---X-X---":{"3":0.6125795110000001,"9":0,"-1":0.030951000000000006},"XX---X-X---":{"4":0.68618940391,"10":0.030951000000000006},"X---X-----":{"2":0.21356261954866862,"3":0.009149176800000004,"5":0,"6":0.050270310000000006,"7":0,"-1":0.8099153825275058},"--X------":{"1":0.00007290000000000002,"3":0.0006666048900000002,"4":0.00002427570000000001,"5":0,"6":0,"7":0.0007019686800000002,"-1":0.8999615651764904},"X--X---X--":{"-1":0.46855900000000006},"---X--X--":{"-1":0.005253327900000001},"X---X--X--":{"-1":0.14198326308000003},"XX---X--X--":{"2":0.1,"-1":0.68618940391},"------XX-":{"-1":0.018729398826000002},"X------XX-":{"-1":0.22201414425000005},"XX------XX-":{"-1":0.717570463519},"XX---XX---X":{"-1":0.46855900000000006},"XX---X-X--X":{"-1":0.40951000000000004},"XX--X-X----":{"-1":0.5217031000000001},"------X-X":{"0":0,"5":0,"-1":0.008921583000000002},"X------X-X":{"-1":0.15133671679053512},"-----X-X-":{"-1":0.0037101444022800004},"X-----X-X-":{"-1":0.09823642401194822},"XX-----X-X-":{"2":0.1,"4":0.1,"5":0.41546953580392604},"XX---X-X-X-":{"4":0.1,"10":0.009000000000000001,"-1":0.7712320754503901},"X-----XX--":{"4":0,"-1":0.48579452458426337},"XX-----XX--":{"10":0,"-1":0.911370618803475},"XX-------":{"3":0,"-1":0.40951000000000004},"XX-----XX-X":{"-1":0.19},"-X--X----":{"-1":0.07534062000000001},"X-X--X----":{"7":0.0171,"-1":0.6125795110000001},"X---XX----":{"-1":0.025200000000000004},"XX---XX----":{"9":0,"-1":0.46855900000000006},"X-X------X":{"8":0,"-1":0.20510917078671004},"XX-X------X":{"9":0.0171,"-1":0.7458134171671},"X----X---":{"-1":0},"XX----X---":{"-1":0.5217031000000001},"--XX-----":{"5":0,"7":0,"-1":0.018470003130000006},"X--XX-----":{"9":0,"-1":0.17155382130000005},"XX--XX-----":{"8":0.1,"-1":0.5695327900000001},"----X--X-":{"-1":0.009000000000000001},"X----X--X-":{"4":0.5217031000000001},"XX-X-----X-":{"4":0,"5":0,"7":0,"-1":0.814697981114816},"XX-----X--X":{"-1":0.717570463519},"XX-X-----":{"2":0.271},